{"EURUSD.x": 1.18863, "EURUSD": 1.18863, "GBPUSD.x": 1.36472, "GBPUSD": 1.36472, "USDJPY.x": 152.926, "USDJPY": 152.926, "USDCAD.x": 1.35653, "USDCAD": 1.35653, "USDCHF.x": 0.76812, "USDCHF": 0.76812, "AUDUSD.x": 0.71228, "AUDUSD": 0.71228, "EURJPY.x": 181.77, "EURJPY": 181.77, "GBPJPY.x": 208.703, "GBPJPY": 208.703, "AUDJPY.x": 108.925, "AUDJPY": 108.925, "NZDJPY.x": 92.838, "NZDJPY": 92.838, "CADJPY.x": 112.755, "CADJPY": 112.755, "CHFJPY.x": 199.097, "CHFJPY": 199.097, "EURAUD.x": 1.66882, "EURAUD": 1.66882, "GBPAUD.x": 1.91605, "GBPAUD": 1.91605, "EURGBP.x": 0.87099, "EURGBP": 0.87099, "EURCAD.x": 1.61213, "EURCAD": 1.61213, "US30.x": 50307.0, "US30": 50307.0, "SPX500.x": 6964.7, "S&P": 6964.7, "SPX500": 6964.7, "NAS100.x": 25275.17, "NASDAQ": 25275.17, "NAS100": 25275.17, "XAUUSD.x": 5074.07, "GOLD": 5074.07, "XAUUSD": 5074.07, "XAGUSD.x": 83.798, "SILVER": 83.798, "XAGUSD": 83.798, "WTI.x": 64.54, "OIL": 64.54, "WTI": 64.54}